PC,old_price,new_price,discount
"Acer PC Portable - E5-573G-35DM -  15,6'' HD - 4Go",599.0,479.99,19.8681135225
"ACER PC Portable - Aspire ES1-522-20BF - 15,6'' HD",399.0,279.99,29.8270676692
"HP PC Portable 15-ay017nf- Noir - 15,6""- 4Go - Win",399.0,299.99,24.8145363409
Acer PC Portable Gamer - Aspire V Nitro VN7-592G-5,1142.99,1142.99,0.0
PC PORTABLE LENOVO THINKPAD E330 CORE I5 8GO RAM 3,269.0,269.0,0.0
"Acer PC Portable - Aspire ES1-731-C17K - 17,3"" HD+",599.0,349.99,41.570951586
"ACER PC Portable - Aspire V3-372-570P - 13.3"" HD -",699.0,649.99,7.01144492132
"Acer PC Portable - Aspire ES1-521-2682 - 15.6"" HD ",699.9,499.9,28.5755107873
Acer PC Portable Gamer - Aspire V Nitro - V5-591G-,899.0,749.99,16.575083426
ACER Ordinateur portable 15.6 Pentium 4Go 1To Win1,430.54,430.54,0.0
"LENOVO PC Portable - Ideapad 110-15ACL - 15,6'' HD",369.99,269.99,27.027757507
"ASUS PC Portable X541UA-XX264T blanc 15.6"" - 4Go d",649.0,479.99,26.0416024653
"HP PC Portable 17-x035nf -Blanc - 17,3""- 4Go- Wind",399.0,329.99,17.2957393484
"ASUS PC Portable F751SA-TY122T 17.3"" - 4Go de RAM ",499.0,399.99,19.8416833667
"ASUS PC Portable F751LAV-TY596T blanc 17.3"" - 4Go ",549.0,429.99,21.6775956284
"Lenovo PC Portable - Ideapad 100-15 - 15.6"" HD - 2",257.25,257.25,0.0
"ASUS PC Portable F751SA-TY119T 17.3"" - 4Go de RAM ",499.0,399.99,19.8416833667
"HP PC Portable 14-am000nf- Blanc-14"" - 2Go de RAM ",299.0,199.99,33.1137123746
"HP PC Portable 17-y012nf -Blanc-  17,3"" - 8 Go - W",589.1,589.1,0.0
"Pc portable HP 255 G5 - 15.6"" - série E2 7110 - 4 ",312.0,299.9,3.87820512821
"ASUS PC Portable X555LA-XX3003T 15.6"" - Windows 10",549.0,399.99,27.1420765027
"LENOVO PC Portable - Ideapad 100-15IBD - 15,6"" HD ",549.0,399.99,27.1420765027
"ACER PC Portable - Aspire ES1-571-39GE - 15.6"" HD ",499.0,389.99,21.8456913828
"ACER PC Portable - Aspire ES1-571-32FN - 15.6"" HD ",499.0,389.99,21.8456913828
"Acer PC Portable - E5-573-P6GQ - 15,6'' HD - 4Go d",499.0,359.99,27.8577154309
"ACER PC Portable - Aspire E5-523G-907K - 15.6"" HD ",549.0,479.99,12.5701275046
"Acer PC Portable - F5-571G-32FW - 15,6'' HD - 4Go ",649.0,429.99,33.7457627119
"ACER PC Portable - Aspire ES1-731-C6EK - 17.3"" HD+",406.98,406.98,0.0
Acer PC Portable Gamer - Aspire V Nitro VN7-792G-7,1299.0,1049.99,19.169361047
"ACER PC Portable - Aspire E5-573G-59TQ - 15.6"" HD ",649.0,499.99,22.9599383667
Ordinateur portable Acer Aspire ES1-520-3934,288.0,288.0,0.0
"Acer PC Portable - Aspire One AO1-131-C3UJ - 11,6""",281.63,281.63,0.0
"Acer PC Portable Gamer - VN7-592G-76XK - 15,6'' Fu",1299.0,979.99,24.558121632
ACER PC Portable Gamer - Aspire E5-575G-774K - 15.,851.91,851.91,0.0
"Acer PC Portable - E5-573-P5A5 - 15,6'' HD - 4Go d",499.0,359.99,27.8577154309
ACER PC Portable - Aspire S5-371-565N - 13.3'' Ful,899.0,769.53,14.4015572859
"Acer PC Portable 11,6"" Aspire One 1-131-C0A6 + 1 a",230.06,230.06,0.0
"ACER PC Portable - Aspire ES1-571-52MF - 15.6"" HD ",599.0,479.99,19.8681135225
"Acer PC Portable - E5-573-P01S - 15,6'' HD - 4Go d",376.6,376.6,0.0
Acer PC Portable Gamer - Aspire VN7-792G-55UA - 17,931.28,931.28,0.0
PC portable Acer Aspire ES1-531-C6VE rouge,395.53,395.53,0.0
Acer PC Portable Gamer - Aspire VN7-592G-54TY - 15,999.0,799.99,19.9209209209
"Acer PC Portable 13,3"" Aspire ES1-331-C6SR",322.25,322.25,0.0
Acer PC Portable ES1-520-38FJ + Sacoche universell,299.99,299.99,0.0
PC portable Acer Aspire ES1-331-C0P4,395.22,395.22,0.0
5.5x1.7mm DC Power Chargeur Plug Câble Connecteur ,6.0,2.86,52.3333333333
"Acer PC Portable - ES1-520-38FJ - 15,6'' HD - 4Go ",230.6,230.6,0.0
"Acer PC Portable - Aspire ES1-521-2682 - 15.6"" HD ",230.6,230.6,0.0
"Acer PC Portable - ES1-520-38FJ - 15,6'' HD - 4Go ",239.6,239.6,0.0
"Acer PC Portable - ES1-520-38FJ - 15,6'' HD - 4Go ",239.58,239.58,0.0
"Acer PC Portable - Aspire ES1-521-2682 - 15.6"" HD ",239.6,239.6,0.0
"Acer PC Portable - ES1-520-38FJ - 15,6'' HD - 4Go ",239.58,239.58,0.0
"Acer PC Portable - ES1-520-38FJ - 15,6'' HD - 4Go ",266.5,266.5,0.0
"Acer PC Portable - ES1-520-38FJ - 15,6'' HD - 4Go ",239.6,239.6,0.0
"ACER PC Portable - Aspire ES1-522-234P - 15.6"" HD ",266.52,266.52,0.0
"Acer PC Portable - ES1-520-38FJ - 15,6'' HD - 4Go ",266.52,266.52,0.0
"Acer PC Portable - Aspire ES1-521-2682 - 15.6"" HD ",266.52,266.52,0.0
"Acer PC Portable - Aspire ES1-521-2682 - 15.6"" HD ",239.58,239.58,0.0
"Acer PC Portable - Aspire ES1-521-2682 - 15.6"" HD ",239.6,239.6,0.0
"Acer PC Portable - Aspire ES1-521-2682 - 15.6"" HD ",239.58,239.58,0.0
"Acer PC Portable - ES1-520-38FJ - 15,6'' HD - 4Go ",239.6,239.6,0.0
"Acer PC Portable - ES1-520-38FJ - 15,6'' HD - 4Go ",239.6,239.6,0.0
"Acer PC Portable - ES1-520-38FJ - 15,6'' HD - 4Go ",239.58,239.58,0.0
"Acer PC Portable Aspire ES1-520-33WH - 15,6"" HD - ",239.58,239.58,0.0
PC portable Acer Aspire ES1-520-36B4,299.0,299.0,0.0
"Acer PC Portable - Aspire ES1-731-C17K - 17,3"" HD+",280.67,280.67,0.0
"Acer PC Portable - Aspire ES1-731-C17K - 17,3"" HD+",280.67,280.67,0.0
"Acer PC Portable - Aspire ES1-731-C17K - 17,3"" HD+",280.67,280.67,0.0
"Acer PC Portable - Aspire ES1-731-C17K - 17,3"" HD+",280.67,280.67,0.0
"Acer PC Portable - Aspire ES1-731-C17K - 17,3"" HD+",312.15,312.15,0.0
"Acer PC Portable - Aspire ES1-731-C17K - 17,3"" HD+",312.15,312.15,0.0
PC portable Acer Aspire ES1-520-311F,329.0,329.0,0.0
PC portable Acer Aspire Switch 10 rose,343.82,343.82,0.0
"Acer PC Portable - Aspire ES1-731-C17K - 17,3"" HD+",312.16,312.16,0.0
"Acer PC Portable - Aspire ES1-731-C17K - 17,3"" HD+",312.16,312.16,0.0
PC portable Acer Aspire ES1-531-C92L,335.57,335.57,0.0
"Acer PC Portable - Aspire V3-371-35QP - 13,3"" HD -",341.45,341.45,0.0
PC portable Acer Aspire E5-721-21QG,399.0,309.0,22.5563909774
Ordinateur portable - Acer Aspire E5-573TG-31FV,359.0,359.0,0.0
Ordinateur portable ACER Aspire S5-391-53314G25…,999.16,379.59,62.0090876336
"PC Portable - Acer Extensa 2511G 15.6""",442.0,442.0,0.0
Ordinateur portable ACER Aspire ES1-571-30T2,441.74,441.74,0.0
"Acer PC Portable - E5-573G-35DM -  15,6'' HD - 4Go",404.14,404.14,0.0
ACER Ordinateur portable 15.6 Pentium 4Go 1To Win1,412.0,412.0,0.0
Ordinateur portable Acer Aspire E5-573-37FD,478.48,478.48,0.0
Ordinateur portable ACER Aspire E5-571G-5788,459.0,459.0,0.0
ACER Ordinateur portable 15.6 I3 4Go 1To GT820M Wi,499.24,499.24,0.0
Ordinateur portable - Acer Aspire E5-573G-565T,513.0,513.0,0.0
ACER Ordinateur portable 15.6 Cel 4Go 500Go Win10 ,529.0,529.0,0.0
Ordinateur portable ACER TravelMate P446-M-38R7,532.4,532.4,0.0
Ordinateur portable ACER Aspire V3-371-31DS - i3 -,566.1,566.1,0.0
Ordinateur portable Acer Aspire E5-772G-34K2,552.44,552.44,0.0
Ordinateur portable ACER Aspire E5-573G-35T5 Noir ,512.46,512.46,0.0
"Acer PC Portable - Aspire E5-772-34BM - 17,3"" HD+ ",566.99,566.99,0.0
Ordinateur portable ACER P238-M-3691,583.35,583.35,0.0
Ordinateur portable ACER TravelMate P446-M-51P1,637.78,637.78,0.0
Ordinateur portable Acer Aspire E5-573G-780B,641.0,641.0,0.0
Ordinateur portable ACER TravelMate P446-M-51P1,637.78,637.78,0.0
Ordinateur portable Acer Aspire VN7-571G-700K,719.9,719.9,0.0
Ordinateur portable Acer Aspire E5-772G-53Z2,704.27,704.27,0.0
ACER PC Portable Aspire V3-371-33LX,699.05,699.05,0.0
ACER PC Portable Aspire E5-571G-35MB,696.3,696.3,0.0
ACER Ordinateur Portable Aspire V3-371-53M3,799.0,750.0,6.13266583229
"Acer PC Portable Gamer - VN7-592G-76XK - 15,6'' Fu",839.48,839.48,0.0
PC portable Acer Aspire VN7-572G-53B2,845.93,845.93,0.0
PC portable Acer Aspire E5-771G-79X3 gris/gris,786.0,786.0,0.0
Acer PC Portable Gamer - Aspire VN7-572G-567Z - 15,798.68,798.68,0.0
Ordinateur portable ACER Aspire V Nitro VN7-591G-7,999.0,795.19,20.4014014014
Ordinateur portable ACER Aspire Switch 12 - SW7-27,907.33,907.33,0.0
Ordinateur portable - Acer Nitro VN7-572G-724R,1034.42,1034.42,0.0
ACER PC Portable Gamer Aspire VN7-791G-576F black,1243.51,1243.51,0.0
PC portable gamer ACER Predator G9-791-559P,1568.68,1568.68,0.0
Ordinateur portable - Acer Aspire VN7-792G-78M1,1535.34,1535.34,0.0
Ordinateur portable ACER Aspire V Nitro VN7-791G-7,1574.57,1574.57,0.0
PC portable gamer ACER Predator G9-792-710S,1798.79,1798.79,0.0
PC portable gamer ACER Predator G9-591-50D1,1749.89,1749.89,0.0
Ordinateur portable ACER W10 Predator G9-791-73P8,2499.0,1999.0,20.0080032013
Acer PC Portable Convertible Blanc - Switch SW3-01,323.08,323.08,0.0
Acer PC Portable Convertible Bleu Océan - SW3-013-,409.51,409.51,0.0
Acer PC Portable Convertible Blanc - Switch SW3-01,276.53,276.53,0.0
Acer PC Portable Convertible Violet - Switch SW3-0,379.17,379.17,0.0
"Dalle Ecran 15.6"" LED pour ordinateur portable ACE",60.0,60.0,0.0
"Dalle Ecran 15.6"" LED pour ordinateur portable ACE",60.0,60.0,0.0
"Dalle Ecran 15.6"" LED pour ordinateur portable ACE",60.0,60.0,0.0
"Dalle Ecran 15.6"" LED pour ordinateur portable ACE",60.0,60.0,0.0
"Dalle Ecran 15.6"" LED pour ordinateur portable ACE",60.0,60.0,0.0
"Dalle Ecran 15.6"" LED pour ordinateur portable ACE",60.0,60.0,0.0
"Dalle Ecran 15.6"" LED pour ordinateur portable ACE",60.0,60.0,0.0
"Dalle Ecran 15.6"" LED pour ordinateur portable ACE",60.0,60.0,0.0
"Dalle Ecran 15.6"" LED pour ordinateur portable ACE",60.0,60.0,0.0
"Dalle Ecran 15.6"" LED pour ordinateur portable ACE",60.0,60.0,0.0
"Dalle Ecran 15.6"" LED pour ordinateur portable ACE",60.0,60.0,0.0
"Dalle Ecran 15.6"" LED pour ordinateur portable ACE",60.0,60.0,0.0
"Dalle Ecran 15.6"" LED pour ordinateur portable ACE",60.0,60.0,0.0
"Dalle Ecran 15.6"" LED pour ordinateur portable ACE",60.0,60.0,0.0
"Dalle Ecran 15.6"" LED pour ordinateur portable ACE",60.0,60.0,0.0
"Dalle Ecran 15.6"" LED pour ordinateur portable ACE",60.0,60.0,0.0
"Dalle Ecran 15.6"" LED pour ordinateur portable ACE",60.0,60.0,0.0
"Dalle Ecran 15.6"" LED pour ordinateur portable ACE",60.0,60.0,0.0
"Dalle Ecran 15.6"" LED pour ordinateur portable ACE",60.0,60.0,0.0
"Dalle Ecran 15.6"" LED pour ordinateur portable ACE",60.0,60.0,0.0
"Dalle Ecran 15.6"" LED pour ordinateur portable ACE",60.0,60.0,0.0
"Dalle Ecran 15.6"" LED pour ordinateur portable ACE",60.0,60.0,0.0
"Dalle Ecran 15.6"" LED pour ordinateur portable ACE",60.0,60.0,0.0
"Dalle Ecran 15.6"" LED pour ordinateur portable ACE",60.0,60.0,0.0
"Dalle Ecran 15.6"" LED pour ordinateur portable ACE",60.0,60.0,0.0
"Dalle Ecran 15.6"" LED pour ordinateur portable ACE",60.0,60.0,0.0
"Dalle Ecran 15.6"" LED pour ordinateur portable ACE",60.0,60.0,0.0
"Dalle Ecran 15.6"" LED pour ordinateur portable ACE",60.0,60.0,0.0
"Dalle Ecran 15.6"" LED pour ordinateur portable ACE",60.0,60.0,0.0
"Dalle Ecran 15.6"" LED pour ordinateur portable ACE",60.0,60.0,0.0
"Dalle Ecran 15.6"" LED pour ordinateur portable ACE",60.0,60.0,0.0
"Dalle Ecran 15.6"" LED pour ordinateur portable ACE",60.0,60.0,0.0
"Dalle Ecran 15.6"" LED pour ordinateur portable ACE",60.0,60.0,0.0
"Dalle Ecran 15.6"" LED pour ordinateur portable ACE",60.0,60.0,0.0
"Dalle Ecran 15.6"" LED pour ordinateur portable ACE",60.0,60.0,0.0
"Dalle Ecran 15.6"" LED pour ordinateur portable ACE",60.0,60.0,0.0
"Dalle Ecran 15.6"" LED pour ordinateur portable ACE",60.0,60.0,0.0
"Dalle Ecran 15.6"" LED pour ordinateur portable ACE",60.0,60.0,0.0
"Dalle Ecran 15.6"" LED pour ordinateur portable ACE",60.0,60.0,0.0
"Dalle Ecran 15.6"" LED pour ordinateur portable ACE",60.0,60.0,0.0
"Dalle Ecran 15.6"" LED pour ordinateur portable ACE",60.0,60.0,0.0
"Dalle Ecran 15.6"" LED pour ordinateur portable ACE",60.0,60.0,0.0
"Dalle Ecran 15.6"" LED pour ordinateur portable ACE",60.0,60.0,0.0
"Dalle Ecran 15.6"" LED pour ordinateur portable ACE",60.0,60.0,0.0
"Dalle Ecran 15.6"" LED pour ordinateur portable ACE",60.0,60.0,0.0
"Dalle Ecran 15.6"" LED pour ordinateur portable ACE",60.0,60.0,0.0
"Dalle Ecran 15.6"" LED pour ordinateur portable ACE",60.0,60.0,0.0
"Dalle Ecran 15.6"" LED pour ordinateur portable ACE",60.0,60.0,0.0
"Dalle Ecran 15.6"" LED pour ordinateur portable ACE",60.0,60.0,0.0
"Dalle Ecran 15.6"" LED pour ordinateur portable ACE",60.0,60.0,0.0
"Dalle Ecran 15.6"" LED pour ordinateur portable ACE",60.0,60.0,0.0
"Dalle Ecran 15.6"" LED pour ordinateur portable ACE",60.0,60.0,0.0
"Dalle Ecran 15.6"" LED pour ordinateur portable ACE",60.0,60.0,0.0
"Dalle Ecran 15.6"" LED pour ordinateur portable ACE",60.0,60.0,0.0
"Dalle Ecran 15.6"" LED pour ordinateur portable ACE",60.0,60.0,0.0
"Dalle Ecran 15.6"" LED pour ordinateur portable ACE",60.0,60.0,0.0
"Dalle Ecran 15.6"" LED pour ordinateur portable ACE",60.0,60.0,0.0
"Dalle Ecran 15.6"" LED pour ordinateur portable ACE",60.0,60.0,0.0
"Dalle Ecran 15.6"" LED pour ordinateur portable ACE",60.0,60.0,0.0
"Dalle Ecran 15.6"" LED pour ordinateur portable ACE",60.0,60.0,0.0
"Dalle Ecran 15.6"" LED pour ordinateur portable ACE",60.0,60.0,0.0
"Dalle Ecran 15.6"" LED pour ordinateur portable ACE",60.0,60.0,0.0
"Dalle Ecran 15.6"" LED pour ordinateur portable ACE",60.0,60.0,0.0
"Dalle Ecran 15.6"" LED pour ordinateur portable ACE",60.0,60.0,0.0
"Dalle Ecran 15.6"" LED pour ordinateur portable ACE",60.0,60.0,0.0
"Dalle Ecran 15.6"" LED pour ordinateur portable ACE",60.0,60.0,0.0
"Dalle Ecran 15.6"" LED pour ordinateur portable ACE",60.0,60.0,0.0
"Dalle Ecran 15.6"" LED pour ordinateur portable ACE",60.0,60.0,0.0
"Dalle Ecran 15.6"" LED pour ordinateur portable ACE",60.0,60.0,0.0
"Dalle Ecran 15.6"" LED pour ordinateur portable ACE",60.0,60.0,0.0
"Dalle Ecran 15.6"" LED pour ordinateur portable ACE",60.0,60.0,0.0
"Dalle Ecran 15.6"" LED pour ordinateur portable ACE",60.0,60.0,0.0
"Dalle Ecran 15.6"" LED pour ordinateur portable ACE",60.0,60.0,0.0
"Dalle Ecran 15.6"" LED pour ordinateur portable ACE",60.0,60.0,0.0
"Dalle Ecran 15.6"" LED pour ordinateur portable ACE",60.0,60.0,0.0
"Dalle Ecran 15.6"" LED pour ordinateur portable ACE",60.0,60.0,0.0
"Dalle Ecran 15.6"" LED pour ordinateur portable ACE",60.0,60.0,0.0
"Dalle Ecran 15.6"" LED pour ordinateur portable ACE",60.0,60.0,0.0
"Dalle Ecran 15.6"" LED pour ordinateur portable ACE",60.0,60.0,0.0
"Dalle Ecran 15.6"" LED pour ordinateur portable ACE",60.0,60.0,0.0
"Dalle Ecran 15.6"" LED pour ordinateur portable ACE",60.0,60.0,0.0
"Dalle Ecran 15.6"" LED pour ordinateur portable ACE",60.0,60.0,0.0
"Dalle Ecran 15.6"" LED pour ordinateur portable ACE",60.0,60.0,0.0
"Dalle Ecran 15.6"" LED pour ordinateur portable ACE",60.0,60.0,0.0
"Dalle Ecran 15.6"" LED pour ordinateur portable ACE",60.0,60.0,0.0
"Dalle Ecran 15.6"" LED pour ordinateur portable ACE",60.0,60.0,0.0
"Dalle Ecran 15.6"" LED pour ordinateur portable ACE",60.0,60.0,0.0
"Dalle Ecran 15.6"" LED pour ordinateur portable ACE",60.0,60.0,0.0
"Dalle Ecran 15.6"" LED pour ordinateur portable ACE",60.0,60.0,0.0
"Dalle Ecran 15.6"" LED pour ordinateur portable ACE",60.0,60.0,0.0
"Dalle Ecran 15.6"" LED pour ordinateur portable ACE",60.0,60.0,0.0
"Dalle Ecran 15.6"" LED pour ordinateur portable ACE",60.0,60.0,0.0
"Dalle Ecran 15.6"" LED pour ordinateur portable ACE",60.0,60.0,0.0
"Dalle Ecran 15.6"" LED pour ordinateur portable ACE",60.0,60.0,0.0
"Dalle Ecran 15.6"" LED pour ordinateur portable ACE",60.0,60.0,0.0
"Dalle Ecran 15.6"" LED pour ordinateur portable ACE",60.0,60.0,0.0
"Dalle Ecran 15.6"" LED pour ordinateur portable ACE",60.0,60.0,0.0
"Dalle Ecran 15.6"" LED pour ordinateur portable ACE",60.0,60.0,0.0
"Dalle Ecran 17.3"" LED pour ordinateur portable ACE",75.0,75.0,0.0
"Dalle Ecran 17.3"" LED pour ordinateur portable ACE",75.0,75.0,0.0
"Dalle Ecran 17.3"" LED pour ordinateur portable ACE",86.0,86.0,0.0
Acer PC Portable Convertible Rose - SW3-013-13E1 -,299.9,229.99,23.3111037012
2ème 2.5'' HDD SSD Adaptateur de Caddy Disque dur ,9.99,9.99,0.0
Ralink Rt5390 150 Mbps Half Mini Pcie Pci - Expres,26.51,17.67,33.3459072048
 Processeur D'Ordinateur Portable Ventilateur Pour,26.96,17.97,33.3456973294
100%  Ventilateur D'Ordinateur Portable Pour Acer ,27.39,18.26,33.3333333333
Acer Travelmate 4520 Ventilateur pour ordinateurs ,18.99,18.99,0.0
Acer Aspire 1830 Ventilateur pour ordinateurs port,18.99,18.99,0.0
Acer Aspire 1830T Ventilateur pour ordinateurs por,18.99,18.99,0.0
100%  Ventilateur D'Ordinateur Portable Pour Acer ,28.17,18.78,33.3333333333
Acer Aspire 5930G Ventilateur pour ordinateurs por,19.99,19.99,0.0
Acer Aspire 7751G Ventilateur pour ordinateurs por,19.99,19.99,0.0
Acer Aspire 9300-9305 Ventilateur pour ordinateurs,21.99,21.99,0.0
Acer Aspire 9300-5024 Ventilateur pour ordinateurs,21.99,21.99,0.0
Acer Aspire 7110 Ventilateur pour ordinateurs port,21.99,21.99,0.0
Acer Aspire 9300-5005 Ventilateur pour ordinateurs,21.99,21.99,0.0
Acer Aspire 9410-2829 Ventilateur pour ordinateurs,21.99,21.99,0.0
Acer Aspire 9410Z Ventilateur pour ordinateurs por,21.99,21.99,0.0
Acer Aspire 9410-4872 Ventilateur pour ordinateurs,21.99,21.99,0.0
Acer Aspire 9300-3375 Ventilateur pour ordinateurs,21.99,21.99,0.0
